,title,date,content
0,first article,2025-01-20,Lalala stuff and more stuff
1,second article,2025-01-20,This is about other stuff
2,third article,2025-01-20,This is about water
3,a love letter,2025-01-20,"My Dearest Love,
                               
                               As I sit here, lost in thought, my mind can only wander to you. Your presence in my life has been a gift beyond compare, and I cannot help but pour out my heart in this letter.
                               
                               From the moment we met, I felt a connection that I had never experienced before. Your eyes sparkled with intelligence and kindness, and your smile had the power to light up even the darkest of rooms. I was smitten from that instant, and each day that passed only deepened my love for you.
                               
                               Your laughter brings joy to my soul, and your gentle touch sends shivers down my spine. You are my best friend, my confidant, and the love of my life. With you by my side, I feel like I can conquer anything.
                               
                               Your intelligence and wit amaze me. You inspire me to be a better person, to push myself beyond my limits, and to see the world with new eyes. Your creativity and passion ignite a fire within me, and make me want to live each moment to the fullest.
                               
                               I love everything about you, from your playful sense of humor to your compassionate heart. You are beautiful both inside and out, and I am eternally grateful for the love that we share.
                               
                               With each passing day, my love for you grows stronger. You are my soulmate, my destiny, and my forever. I cannot imagine a life without you, and I will cherish our love for as long as I live.
                               
                               Yours eternally,
                               
                               [Your Name]"
